t,Hexatic,Circle-order,Frac-6-fold
0.65,0.495326,0.1542,0.7896
0.68,0.474901,0.1724,0.846
0.70,0.469382,0.1656,0.8528
0.75,0.491284,0.1578,0.8336
0.80,0.508803,0.1554,0.8268
0.85,0.532759,0.149,0.8348
0.90,0.538698,0.1532,0.7876
1.00,0.543593,0.1362,0.7716
1.20,0.537788,0.1184,0.6764
1.40,0.556792,0.1062,0.63
1.60,0.547388,0.0844,0.5192
2.00,0.536897,0.0696,0.4256
2.50,0.538369,0.051,0.294
3.00,0.538812,0.0356,0.2024
4.00,0.526637,0.0226,0.1044
5.00,0.540389,0.0176,0.0616
