t,Hexatic,Circle-order,Frac-6-fold
1.60,0.391932,0.3032,0.3952
1.62,0.386574,0.2876,0.3844
1.65,0.392746,0.2882,0.396
1.68,0.401066,0.2844,0.3784
1.70,0.398412,0.2786,0.3904
1.75,0.391666,0.2346,0.3712
1.80,0.410815,0.2202,0.3636
1.90,0.410157,0.1852,0.348
1.95,0.41126,0.157,0.3448
2.10,0.412218,0.1344,0.326
2.20,0.421473,0.1164,0.3108
2.50,0.41255,0.0806,0.2908
3.00,0.436073,0.0534,0.2432
3.50,0.439848,0.0322,0.1712
4.00,0.442102,0.0202,0.148
5.00,0.457365,0.0112,0.088
