t,t1,t2,Struct-relax,Diffusion-constant
1.35,2.45278e+06,1.20545e+06,1.30620e+05,3.03288e-05
1.40,1.43783e+06,6.37830e+05,6.61990e+04,8.34107e-05
1.50,5.08534e+05,2.05485e+05,1.08080e+04,2.43414e-04
1.60,2.05485e+05,6.61990e+04,2.77600e+03,5.23075e-04
1.80,6.61990e+04,2.13270e+04,8.94000e+02,2.48651e-03
2.00,3.35500e+04,8.61700e+03,4.53000e+02,5.58805e-03
2.50,1.08080e+04,2.77600e+03,2.29000e+02,2.12365e-02
3.00,5.47800e+03,1.40700e+03,1.46000e+02,4.59528e-02
3.50,3.48200e+03,8.94000e+02,1.16000e+02,7.34772e-02
